ID,Name,Title,Father_ID,Mother_ID,Spouse_ID,Brother_ID,Sister_ID,Son_ID,Daughter_ID,,,,,
1,Alfred the Great,King of the Anglo Saxons,None,None,2,None,None,3,None,,,,,
2,Ealhswith of Mercia,Queen Consort,None,None,1,None,None,3,None,,,,,
3,Edward the Elder,King of the Anglo Saxons,1,2,"4,5,6",None,None,"7,8,9",None,,,,,
4,Ecgwynn,Queen Consort,None,None,3,None,None,7,None,,,,,
5,Elfleda,Queen Consort,None,None,3,None,None,None,None,,,,,
6,Edgiva,Queen Consort,None,None,3,None,None,"8,9",None,,,,,
7,Athelstan,King of the Anglo Saxons,3,4,None,None,None,None,None,,,,,
8,Edmund I,King of the English,3,6,10,9,None,"11,12",None,,,,,
9,Edred,King of the English,3,6,None,8,None,None,None,,,,,
10,Elgiva,Queen Consort,None,None,8,None,None,"11,12",None,,,,,
11,Edgar,King of the English,8,10,"13,14",12,None,"15,16",None,,,,,
12,Eadwig,King of the English,8,10,None,11,None,None,None,,,,,
13,Ethelfleda,Queen Consort,None,None,11,None,None,15,None,,,,,
14,Elfrida,Queen Consort,None,None,11,None,None,16,None,,,,,
15,Edward the Martyr,King of the English,11,13,None,None,None,None,None,,,,,
16,Aethelred the Unready,King of the English,11,14,"21,22",None,None,"25,26",None,,,,,
17,Sweyn Forkbeard,King of the Danes,None,None,18,None,None,23,None,,,,,
18,Grunhilda,Queen of the Danes,None,None,17,None,None,23,None,,,,,
19,Richard I,Duke of Normandy,None,None,None,None,None,20,21,,,,,
20,Richard II,Duke of Normandy,19,None,None,None,21,32,None,,,,,
21,Emma of Normandy,Queen Consort,19,None,"16,23",20,None,"26,27",None,,,,,
22,Elfreda,Queen Consort,None,None,16,None,None,25,None,,,,,
23,Cnut,"King of Denmark,Norway and England",17,18,"21,24",None,None,"27,28",None,,,,,
24,Elfigfu,Queen of the Danes,None,None,23,None,None,28,None,,,,,
25,Edmund II Ironside,King of the English,16,22,31,None,None,35,None,,,,,
26,Edward the Confessor,King of the English,16,21,30,None,None,None,None,,,,,
27,Harthacnut,King of the English,23,21,None,None,None,None,None,,,,,
28,Harold I Harefoot,King of the English,23,24,None,None,None,None,None,,,,,
29,Godwin,Earl of Wessex,None,None,None,None,None,34,30,,,,,
30,Edith of Wessex,None,29,None,26,34,None,None,None,,,,,
31,Ealdgyth,Queen Consort,None,None,25,None,None,35,None,,,,,
32,Robert ,Duke of Normandy,20,None,33,None,None,42,None,,,,,
33,Herleva,Duchess of Normandy,None,None,32,None,None,42,None,,,,,
34,Harold II Godwinson,King of the English,29,None,"38,39",None,30,None,None,,,,,
35,Edward the Aethling,None,25,31,None,None,None,36,37,,,,,
36,Edgar the Aethling,None,35,None,None,None,37,None,None,,,,,
37,Margaret of Wessex,Queen Consort of Scotland,35,None,40,36,None,None,41,,,,,
38,Edith Swan Neck,Queen Consort,None,None,34,None,None,None,None,,,,,
39,Edith of Mercia,Queen Consort,None,None,34,None,None,None,None,,,,,
40,Malcom III of Scotland,King of Scotland,None,None,37,None,None,None,41,,,,,
41,Matilda of Scotland,Queen Consort of England,40,37,46,None,None,None,50,,,,,
42,William The Conqueror,King of England,32,33,43,None,None,"44,45,46",47,,,,,
43,Matilda of Flanders,Queen Consort of England,None,None,42,None,None,"44,45,47",47,,,,,
44,Robert Curthose,Duke of Normandy,42,43,None,"45,46",47,None,None,,,,,
45,William II,King of England,42,43,None,"44,46",47,None,None,,,,,
46,Henry I,King of England,42,43,41,"44,45",47,None,50,,,,,
47,Adela,None,42,43,49,"44,45,46",None,51,None,,,,,
48,Adelician of Louvain,Queen Consort of England,None,None,46,None,None,None,None,,,,,
49,Stephen,Count of Blois,None,None,47,None,None,51,None,,,,,
50,Empress Matilda,Queen of England,46,41,"52,54",None,None,55,None,,,,,
51,Stephen ,King of England,49,47,53,None,None,None,None,,,,,
52,Henry V,Holy Roman Emperor,None,None,50,None,None,None,None,,,,,
53,Matilda of Boulogne,Countess of Blois,None,None,49,None,None,51,None,,,,,
54,Geoffrey of Plantagenet,Count of Anjou,None,None,50,None,None,55,None,,,,,
55,Henry II,King of England,54,50,56,None,None,"58,59,60",None,,,,,
56,Eleanor of Aquitaine,"Duchess of Aquitaine, Queen Consort of England",None,None,"55,57",None,None,"58,59,60",None,,,,,
57,Louis VII ,King of France,None,None,56,None,None,None,None,,,,,
58,Henry the Young King,King of England,55,56,None,"59,60",None,None,None,,,,,
59,Richard Lionheart,King of England,55,56,61,"58,60",None,None,None,,,,,
60,John,King oF England,55,56,62,"58,59",None,64,None,,,,,
61,Berengaria of Navarre,Queen Consort of England,None,None,59,None,None,None,None,,,,,
62,Isabella of Gloucester,None,None,None,60,None,None,None,None,,,,,
63,Isabella of Angouleme,None,None,None,60,None,None,64,None,,,,,
64,Henry III,King of England,60,63,65,None,None,66,None,,,,,
65,Eleanor of Provence,Queen Consort of England,None,None,64,None,None,66,None,,,,,
66,Edward I,King of England,64,65,"67,68",None,None,69,None,,,,,
67,Eleanor of Castille,Queen Consort of England,None,None,66,None,None,69,None,,,,,
68,Marguerite of France,Queen Consort of England,None,None,66,None,None,None,None,,,,,
69,Edward II,King of England,66,67,70,None,None,71,None,,,,,
70,Isabella She-Wolf of France,Queen Consort of England,None,None,69,None,None,71,None,,,,,
71,Edward III,King of England,69,70,72,None,None,"72,73,74",None,,,,,
72,Phillipa of Hainault,Queen on England,None,None,71,None,None,"72,73,74",None,,,,,
73,"Edward, The Black Prince",Prince of Wales,71,72,76,"74,75",None,80,None,,,,,
74,John of Gaunt,Duke of Lancaster,71,72,"77,78,82","73,75",None,81,None,,,,,
75,Edmund ,Duke of York,71,72,79,"73,74",None,83,None,,,,,
76,Joan of Kent,Princess of Wales,None,None,73,None,None,80,None,,,,,
77,Blanche of Lancaster,Duchess of Lancaster,None,None,74,None,None,81,None,,,,,
78,Constance of Castille,None,None,None,74,None,None,None,None,,,,,
79,Isabella of York,Duchess of York,None,None,75,None,None,83,None,,,,,
80,Richard II,King of England,73,76,"84,85",None,None,None,None,,,,,
81,Henry IV,King of England,74,77,"86,87",None,None,92,None,,,,,
82,Catherine Swynford,None,None,None,74,None,None,None,None,,,,,
83,Richard of Cambridge,Duke of Cambridge,75,79,87,None,None,96,None,,,,,
84,Anne of Bohemia,Queen Consort of England,None,None,80,None,None,None,None,,,,,
85,Isabella of Valois,Queen Consort of England,None,None,80,None,None,None,None,,,,,
86,Joan of Navarre,Queen Consort of England,None,None,81,None,None,None,None,,,,,
87,Anne de Mortimer,Duchess of Cambridge,None,None,83,None,None,96,None,,,,,
88,Mary de Bohun,Queen Consort of England,None,None,81,None,None,92,None,,,,,
89,Catherine of Valois,Queen Consort of England,None,None,"90,92",None,None,"91,102",None,,,,,
90,Owen Tudor,None,None,None,89,None,None,91,None,,,,,
91,Edmund Tudor,None,90,89,94,None,None,106,None,,,,,
92,Henry V,King of England,81,88,89,None,None,102,None,,,,,
93,Margaret of Anjou,Queen Consort of England,None,None,102,None,None,95,None,,,,,
94,Margaret Beaufort,None,None,None,91,None,None,106,None,,,,,
95,Edward of Lancaster,Duke of Lancaster,103,93,None,None,None,None,None,,,,,
96,Richard,Duke of York,83,87,97,None,None,"98,99",None,,,,,
97,Cecily Neville,Duchess of York,None,None,96,None,None,"98,99",None,,,,,
98,Edward IV,King of England,96,97,103,99,None,"100,101",104,,,,,
99,Richard III,King of England,96,97,None,98,None,None,None,,,,,
100,Richard ,Duke of York,98,103,None,101,104,None,None,,,,,
101,Edward V,King of England,98,103,None,100,104,None,None,,,,,
102,Henry VI,King of England,92,89,93,None,None,95,None,,,,,
103,Elizabeth Woodville,Queen Consort of England,None,None,98,None,None,"100,101",104,,,,,
104,Elizabeth of York,Queen Consort of England,98,103,105,"100,101",None,"106,107","114,118",,,,,
105,Henry VII,King of England,91,94,104,None,None,"106,107","114,118",,,,,
106,Arthur,Prince of Wales,105,104,108,107,"114,118",None,None,,,,,
107,Henry VIII,King of England,105,104,"108,109,110,111,112,000",106,"114,118",117,"115,116",,,,,
108,Catherine of Aragon,Queen Consort of England,,None,"106,107",None,None,None,115,,,,,
109,Anne Boleyn,Queen Consort of England,,None,107,None,None,None,116,,,,,
110,Jane Seymour,Queen Consort of England,,None,107,None,None,117,None,,,,,
111,Anne of Cleves,Queen Consort of England,,None,107,None,None,None,None,,,,,
112,Catherine Howard,Queen Consort of England,,None,107,None,None,None,None,,,,,
113,Catherine Parr,Queen Consort of England,,None,107,None,None,None,None,,,,,
114,Margaret Tudor,Queen Consort of Scotland,105,104,119,"106,107",118,122,None,,,,,
115,Mary I,Queen of England,107,108,123,None,None,None,None,,,,,
116,Elizabeth I,Queen of England,107,109,None,None,None,None,None,,,,,
117,Edward VI,King of England,107,110,None,None,None,None,None,,,,,
118,Mary Tudor,None,105,104,"120,121","106,107",114,None,124,,,,,
119,James IV,King of Scotland,None,None,114,None,None,122,None,,,,,
120,Louis XII,King of France,None,None,118,None,None,None,None,,,,,
121,Charles,Duke of Suffolk,None,None,118,None,None,None,124,,,,,
122,James V,King of Scotland,119,114,125,None,None,127,None,,,,,
123,Philip II,King of Spain,None,None,115,None,None,None,None,,,,,
124,Frances Brandon,Duchess of Suffolk,121,118,132,None,None,None,131,,,,,
125,Mary of Guise,None,None,None,122,None,None,None,127,,,,,
126,Anne of Denmark,Queen Consort of England,None,None,130,None,None,"134,137",135,,,,,
127,Mary ,Queen of Scotland,122,125,"128,129",None,None,130,None,,,,,
128,Frances II,King of France,None,None,127,None,None,None,None,,,,,
129,Henry Lord Damley,None,None,None,127,None,None,130,None,,,,,
130,James I,King of Britain,129,127,126,None,None,"134,137",135,,,,,
131,Lady Jane Grey,Queen of England,132,124,133,None,None,None,None,,,,,
132,Henry Grey,Duke of Suffolk,None,None,124,None,None,None,None,,,,,
133,Guilford Dudley,None,None,None,131,None,None,None,None,,,,,
134,Henry Frederick,Prince of Wales,130,126,None,137,135,None,None,,,,,
135,Elizabeth Stuart,,130,126,136,"134,137",None,None,139,,,,,
136,Frederick V,King of Bohemia,None,None,135,None,None,None,139,,,,,
137,Charles I,King of Britain,130,126,138,134,135,"142,144",140,,,,,
138,Henrietta Marie,Queen Consort of England,None,None,137,None,None,"142,144",140,,,,,
139,Sophia of Hanover,Electress of Hanover,136,135,157,None,None,155,None,,,,,
140,Mary Stuart,None,137,138,141,"142,144",None,147,None,,,,,
141,William II,Prince of Orange,None,None,140,None,None,147,None,,,,,
142,Charles II,King of Britain,137,138,143,144,140,None,None,,,,,
143,Catherine of Braganza,Queen Consort of England,None,None,142,None,None,None,None,,,,,
144,James II,King of Britain,137,138,"145,146",142,140,152,"148,149",,,,,
145,Anne Hyde,Queen Consort,None,None,144,None,None,None,"148,149",,,,,
146,Mary of Modena,Queen Consort,None,None,144,None,None,152,None,,,,,
147,William III,King of Britain,141,140,148,None,None,None,None,,,,,
148,Mary II,Queen of Britain,144,145,147,None,149,None,None,,,,,
149,Anne,Queen of Britain,144,145,150,None,148,None,None,,,,,
150,George ,Duke of Cumberland,None,None,149,None,None,None,None,,,,,
151,Marie Sobieski,None,None,None,152,None,None,153,None,,,,,
152,James Francis Stuart,The Old Pretender,144,146,151,None,None,153,None,,,,,
153,Charles Edward Stuart,Bonnie Prince Charlie,152,151,154,None,None,None,None,,,,,
154,Louisa Stolberg,None,None,None,153,None,None,None,None,,,,,
155,George I,King of Britain,157,139,156,None,None,158,160,,,,,
156,Sophia Dorothea,Queen Consort,None,None,155,None,None,158,160,,,,,
157,Ernst Augustus ,Elector of Hanover,None,None,139,None,None,155,None,,,,,
158,George II,King of Britain,155,156,159,None,160,"162,166","163,167,169",,,,,
159,Caroline of Ansbach,Queen Consort,None,None,158,None,None,"162,166","163,167,169",,,,,
160,Sophia Dorothea of Hanover,Princess of Great Britain,155,156,161,158,None,None,None,,,,,
161,Frederick William I,King of Prussia,None,None,160,None,None,None,None,,,,,
162,Frederick,Prince of Wales,158,159,165,166,"163,167,169","172,174,175,178","171,177",,,,,
163,Anne,Princess Royal and Princess of Orange,158,159,164,"162,166","167,169",None,None,,,,,
164,William IV,Stadtholder of the United Provinces of Netherlands,None,None,163,None,None,None,None,,,,,
165,Augusta of Saxe Coburg,Princess of Wales,None,None,162,None,None,"172,174,175,178","171,177",,,,,
166,William ,Duke of Cumberland,158,159,None,162,"163,167,169",None,None,,,,,
167,Mary,Landgravine Consort of Hesse-Kassel,158,159,168,"162,166","163,169",None,None,,,,,
168,Frederick II,Landgravine of Hesse-Kassel,None,None,167,None,None,None,None,,,,,
169,Louise,Queen of Denmark and Norway,158,159,170,"162,166","163,167",None,None,,,,,
170,Frederick V,King of Denmark and Norway,None,None,169,None,None,None,None,,,,,
171,Caroline Matilda,Princess of Great Britain,162,165,173,"172,174,175,178",177,None,None,,,,,
172,Edward,Duke of York,162,165,None,"174,175,178","171,177",None,None,,,,,
173,Christian VII,King of Denmark,None,None,171,None,None,None,None,,,,,
174,Henry ,Duke of Cumberland,162,165,None,"172,175,178","171,177",None,None,,,,,
175,George III,King of Great Britain,162,165,179,"172,174,178","171,177","180,181,182,184,186,000,000",None,,,,,
176,Caroline of Brunswick,Princess of Great Britain,189,177,180,None,None,None,190,,,,,
177,Augusta ,Princess of Great Britain,162,165,189,"172,174,175,178",171,None,176,,,,,
178,William Henry,Duke of Gloucester,162,165,None,"172,174,175","171,177",None,None,,,,,
179,Charlotte of Mecklenburg,Queen Consort of Great Britain,None,None,175,None,None,"180,181,182,184,186,000,000",None,,,,,
180,George IV,King of Great Britain,175,179,176,"181,182,184,186,187,000",None,None,190,,,,,
181,Frederick,Duke of York,175,179,None,"180,182,184,186,187,000",None,None,None,,,,,
182,William IV,King of Great Britain,175,179,183,180,181,184,186,187,"188""",None,None,None
183,Adelaide of Saxe-Meiningen,Queen Consort of Great Britain,None,None,182,None,None,None,None,,,,,
184,Edward ,Duke of Kent,175,179,185,"180,181,182,186,187,000",None,None,191,,,,,
185,Victoria of Saxe-Coburg,Duchess of Kent,None,None,184,None,None,None,191,,,,,
186,Ernst ,Duke of Cumberland,175,179,None,"180,181,182,184,187,000",None,None,None,,,,,
187,Augustus,Duke of Sussex,175,179,None,"180,181,182,184,186,000",None,None,None,,,,,
188,Adolphus,Duke of Cambridge,175,179,None,"180,181,182,184,186,000",None,None,None,,,,,
189,Charles William,Duke of Brunswick,None,None,177,None,None,None,176,,,,,
190,Charlotte ,Princess of Great Britain,180,176,192,None,None,None,None,,,,,
191,Victoria ,Queen of Great Britain,184,185,199,None,None,"198,202,204,205","193,196,200,203,206",,,,,
192,Leopold of Saxe-Coburg,None,None,None,190,None,None,None,None,,,,,
193,Victoria ,Princess Royal ,199,191,194,"198,202,204,205","196,200,203,206",195,None,,,,,
194,Frederick III ,Emperor of Germany,None,None,193,None,None,195,None,,,,,
195,Wilhelm II,Emperor of Germany,194,193,None,None,None,None,None,,,,,
196,Alice,Princess of Great Britain,199,191,197,"198,202,204,205","193,200,203,206",None,None,,,,,
197,Ludvig IV of Hesse,Grand Duke of Hesse,None,None,196,None,None,None,None,,,,,
198,Alfred,Duke of Edinburgh,199,191,None,"202,204,205","193,196,200,203,206",None,None,,,,,
199,Albert of Saxe-Coburg Gotha,King Consort of Great Britain,None,None,191,None,None,"198,202,204,205","193,196,200,203,206",,,,,
200,Helena,Duchess of Schleswig-Holstein,199,191,201,"198,202,204,205","193,196,203,206",None,None,,,,,
201,Christian,Duke of Schleswig-Holstein,None,None,200,None,None,None,None,,,,,
202,Edward VII,King of Great Britain,199,191,207,"198,204,205","193,196,200,203,206","208,209,214","210,211,212",,,,,
203,Louise,Princess of Great Britain,199,191,None,"198,202,204,205","193,196,200,206",None,None,,,,,
204,Arthur,Duke of Connaught,199,191,None,"198,202,205","193,196,200,203,206",None,None,,,,,
205,Leopold ,Duke of Albany,199,191,None,"198,202,204","193,196,200,203,206",None,None,,,,,
206,Beatrice,Princess of Great Britain,199,191,215,"198,202,204,205","193,196,200,203",None,None,,,,,
207,Alexandra of Denmark,Queen Consort of Great Britain,None,None,202,None,None,"208,209,214","210,211,212",,,,,
208,George V,King of Great Britain,202,207,216,"209,214","210,211,212","217,218,221,222,223",220,,,,,
209,Albert,Duke of Clarence,202,207,None,"208,214","210,211,212",None,None,,,,,
210,Louise,Princess of Great Britain,202,207,None,"208,209,214","211,212",None,None,,,,,
211,Victoria,Princess of Great Britain,202,207,None,"208,209,214","210,212",None,None,,,,,
212,Maud,Queen Consort of Norway,202,207,213,"208,209,214","210,211",None,None,,,,,
213,Haakon VII,King of Norway,None,None,212,None,None,None,None,,,,,
214,John,Prince of Great Britain,202,207,None,"208,209","210,211,212",None,None,,,,,
215,Henry of Battenberg,None,None,None,206,None,None,None,None,,,,,
216,Mary of Teck,Queen Consort of Great Britain,None,None,208,None,None,"217,218,221,222,223",220,,,,,
217,Edward VIII,King of Great Britain,208,216,None,"218,221,222,223",220,None,None,,,,,
218,George VI,King of Great Britain,208,216,219,"217,221,222,223",220,None,"227,228",,,,,
219,Elizabeth Bowes-Lyon,Queen Consort of Great Britain,None,None,218,None,None,None,"227,228",,,,,
220,Mary,Princess Royal ,208,216,224,"217,218,221,222,223",220,None,None,,,,,
221,Henry,Duke of Gloucester,208,216,225,"217,218,222,223",220,229,None,,,,,
222,George,Duke of Kent,208,216,226,"217,218,221,223",220,"230,231",None,,,,,
223,John,Prince of Great Britain,208,216,None,"217,218,221,222",220,None,None,,,,,
224,Henry Lascelles,Earl of Harewood,None,None,220,None,None,None,None,,,,,
225,Alice Montague,Duchess of Gloucester,None,None,221,None,None,229,None,,,,,
226,Marina,Duchess of Kent,None,None,222,None,None,"230,231",None,,,,,
227,Elizabeth II,Queen of Great Britain,218,219,233,None,228,"234,236,237",235,,,,,
228,Margaret ,Prince of Great Britain,218,219,None,None,227,None,None,,,,,
229,Richard,Duke of Gloucester,221,225,None,None,None,None,None,,,,,
230,Edward,Duke of Kent,222,226,None,231,None,None,None,,,,,
231,Michael,Duke of Kent,222,226,232,230,None,None,None,,,,,
232,Alexandra of Kent,Princess of Great Britain,None,None,231,None,None,None,None,,,,,
233,Prince Philip,Duke of Edinburgh,None,None,227,None,None,"234,236,237",235,,,,,
234,Charles,Prince of Wales,227,233,"238,239","236,237",235,"244,246",None,,,,,
235,Anne,Princess Royal ,227,233,"240,241","234,236,237",None,250,251,,,,,
236,Andrew,Duke of York,227,233,242,"234,237",235,None,"248,249",,,,,
237,Edward,Earl of Wessex,227,233,243,"234,236",235,264,263,,,,,
238,Diana,Princess of Wales,None,None,234,None,None,"244,246",None,,,,,
239,Camilia,Duchess of Cornwall,None,None,234,None,None,None,None,,,,,
240,Mark Philips,None,None,None,235,None,None,250,251,,,,,
241,Timothy Lawrence,None,None,None,235,None,None,None,None,,,,,
242,Sarah,Duchess of York,None,None,236,None,None,None,"248,249",,,,,
243,Sophie,Countess of Wessex,None,None,237,None,None,264,263,,,,,
244,William,Duke of Cambridge,234,238,245,246,None,"258,260",259,,,,,
245,Katherine,Duchess of Cambridge,None,None,244,None,None,"258,260",259,,,,,
246,Harry,Duke of Sussex,234,238,247,244,None,261,None,,,,,
247,Meghan,Duchess of Sussex,None,None,246,None,None,261,None,,,,,
248,Beatrice,Princess of Great Britain,236,242,None,None,249,None,None,,,,,
249,Eugenie,Princess of Great Britain,236,242,262,None,248,None,None,,,,,
250,Peter Philips,None,240,235,252,None,251,None,"254,255",,,,,
251,Zara Philips,None,240,235,253,250,None,None,"256,257",,,,,
252,Autumn Philips,None,None,None,250,None,None,None,"254,255",,,,,
253,Mike Tindall,None,None,None,251,None,None,None,"256,257",,,,,
254,Savannah,None,250,252,None,None,255,None,None,,,,,
255,Isla,None,250,252,None,None,254,None,None,,,,,
256,Mia,None,253,251,None,None,257,None,None,,,,,
257,Lena,None,253,251,None,None,256,None,None,,,,,
258,George of Cambridge,Prince of Great Britain,244,245,None,260,259,None,None,,,,,
259,Charlotte of Cambridge,Princess of Great Britain,244,245,None,"258,260",None,None,None,,,,,
260,Louis of Cambridge,Prince of Great Britain,244,245,None,258,259,None,None,,,,,
261,Archie of Sussex,Prince of Great Britain,246,247,None,None,None,None,None,,,,,
262,Jack Brooksbank,None,None,None,249,None,None,None,None,,,,,
263,Lady Louise,None,237,243,None,264,None,None,None,,,,,
264,Viscount Severn,None,237,243,None,None,263,None,None,,,,,
